{"Cube001": {"indices": [0, 1, 2, 2, 1, 3, 4, 5, 6, 6, 5, 7, 8, 9, 10, 10, 9, 11, 12, 13, 14, 14, 13, 15, 16, 17, 18, 18, 17, 19, 20, 21, 22, 22, 21, 23, 24, 25, 26, 26, 25, 27, 28, 29, 30, 30, 29, 31, 32, 33, 34, 34, 33, 35, 36, 37, 38, 38, 37, 39, 40, 41, 42, 42, 41, 43, 44, 45, 46, 46, 45, 47, 48, 49, 50, 50, 49, 51, 52, 53, 54, 54, 53, 55], "colors": [], "vertices": [-1.0, 0.273124, -2.0, 1.0, 0.273124, -2.0, -1.0, 0.273124, 2.0, 1.0, 0.273124, 2.000001, -1.0, 0.073124, 1.999999, -0.999999, 0.073124, -2.000001, -1.0, 0.273124, 2.0, -1.0, 0.273124, -2.0, -0.999999, 0.073124, -2.000001, 1.0, 0.073124, -1.999999, -1.0, 0.273124, -2.0, 1.0, 0.273124, -2.0, 1.0, 0.073124, -1.999999, 1.0, 0.073124, 2.0, 1.0, 0.273124, -2.0, 1.0, 0.273124, 2.000001, -1.0, 0.273124, 2.0, 1.0, 0.273124, 2.000001, -1.0, 0.073124, 1.999999, 1.0, 0.073124, 2.0, 1.0, 0.073124, 2.0, 0.81, 0.073124, 1.8, -1.0, 0.073124, 1.999999, -0.81, 0.073124, 1.799999, 1.0, 0.073124, -1.999999, 0.81, 0.073124, -1.799999, 1.0, 0.073124, 2.0, 0.81, 0.073124, 1.8, -0.999999, 0.073124, -2.000001, -0.809999, 0.073124, -1.800001, 1.0, 0.073124, -1.999999, 0.81, 0.073124, -1.799999, -1.0, 0.073124, 1.999999, -0.81, 0.073124, 1.799999, -0.999999, 0.073124, -2.000001, -0.809999, 0.073124, -1.800001, -0.81, 0.073124, 1.799999, -0.81, -0.029627, 1.799999, -0.809999, 0.073124, -1.800001, -0.809999, -0.029627, -1.800001, -0.809999, 0.073124, -1.800001, -0.809999, -0.029627, -1.800001, 0.81, 0.073124, -1.799999, 0.81, -0.029627, -1.799999, 0.81, 0.073124, -1.799999, 0.81, -0.029627, -1.799999, 0.81, 0.073124, 1.8, 0.81, -0.029627, 1.8, 0.81, 0.073124, 1.8, 0.81, -0.029627, 1.8, -0.81, 0.073124, 1.799999, -0.81, -0.029627, 1.799999, 0.81, -0.029627, 1.8, 0.81, -0.029627, -1.799999, -0.81, -0.029627, 1.799999, -0.809999, -0.029627, -1.800001], "textureCoords": [[0.0, 0.0, 0.334877, 0.0, 0.0, 0.669755, 0.334877, 0.669755, 0.993104, 0.669755, 0.334877, 0.669755, 1.0, 0.584288, 0.341774, 0.584288, 0.336235, 0.393036, 0.668594, 0.393036, 0.334877, 0.436592, 0.667237, 0.436592, 0.0, 0.849672, 0.669755, 0.849672, 0.0049, 0.937201, 0.674655, 0.937201, 0.336246, 0.34915, 0.671123, 0.34915, 0.334877, 0.393036, 0.669755, 0.393036, 0.669755, 0.436592, 0.637177, 0.47639, 0.334877, 0.436592, 0.371848, 0.47717, 0.0, 0.759713, 0.038142, 0.67656, 0.669754, 0.759713, 0.589234, 0.669755, 0.0, 0.977779, 0.032577, 0.937981, 0.334877, 0.977779, 0.297907, 0.937201, 0.669755, 0.759713, 0.631612, 0.842867, 0.0, 0.759713, 0.08052, 0.849672, 0.945605, 0.271251, 0.937656, 0.34915, 0.342826, 0.271251, 0.334877, 0.34915, 0.668594, 0.436592, 0.670973, 0.401275, 0.939845, 0.436592, 0.942224, 0.401275, 0.334877, 0.584288, 0.342663, 0.507989, 0.92527, 0.584288, 0.933055, 0.507989, 0.939314, 0.669755, 0.936971, 0.704546, 0.672098, 0.669755, 0.669754, 0.704546, 0.937657, 0.271251, 0.334878, 0.271251, 0.937656, 0.0, 0.334877, 0.0]], "normals": [0.0, 1.0, 0.0, 0.0, 1.0, 0.0, 0.0, 1.0, 0.0, 0.0, 1.0, 0.0, -1.0, -0.0, -0.0, -1.0, -0.0, -0.0, -1.0, -0.0, -0.0, -1.0, -0.0, -0.0, 1e-06, 2e-06, -1.0, 1e-06, 2e-06, -1.0, 1e-06, 2e-06, -1.0, 1e-06, 2e-06, -1.0, 1.0, 1e-06, 0.0, 1.0, 1e-06, 0.0, 1.0, 1e-06, 0.0, 1.0, 1e-06, 0.0, -1e-06, -4e-06, 1.0, -1e-06, -4e-06, 1.0, -1e-06, -4e-06, 1.0, -1e-06, -4e-06, 1.0, 0.0, -1.0, 0.0, 0.0, -1.0, 0.0, 0.0, -1.0, 0.0, 0.0, -1.0, 0.0, 0.0, -1.0, 0.0, 0.0, -1.0, 0.0, 0.0, -1.0, 0.0, 0.0, -1.0, 0.0, 0.0, -1.0, -0.0, 0.0, -1.0, -0.0, 0.0, -1.0, -0.0, 0.0, -1.0, -0.0, -0.0, -1.0, 0.0, -0.0, -1.0, 0.0, -0.0, -1.0, 0.0, -0.0, -1.0, 0.0, -1.0, 0.0, -0.0, -1.0, 0.0, -0.0, -1.0, 0.0, -0.0, -1.0, 0.0, -0.0, 1e-06, 0.0, -1.0, 1e-06, 0.0, -1.0, 1e-06, 0.0, -1.0, 1e-06, 0.0, -1.0, 1.0, 0.0, 0.0, 1.0, 0.0, 0.0, 1.0, 0.0, 0.0, 1.0, 0.0, 0.0, -1e-06, 0.0, 1.0, -1e-06, 0.0, 1.0, -1e-06, 0.0, 1.0, -1e-06, 0.0, 1.0, 0.0, -1.0, 0.0, 0.0, -1.0, 0.0, 0.0, -1.0, 0.0, 0.0, -1.0, 0.0]}}