{"Cube": {"indices": [0, 1, 2, 2, 1, 3, 4, 5, 6, 6, 5, 7, 8, 9, 10, 10, 9, 11, 12, 13, 14, 14, 13, 15, 16, 17, 18, 18, 17, 19, 20, 21, 22, 22, 21, 23, 24, 25, 26, 26, 25, 27, 28, 29, 30, 30, 29, 31, 32, 33, 34, 34, 33, 35, 36, 37, 38, 38, 37, 39, 40, 41, 42, 42, 41, 43, 44, 45, 46, 46, 45, 47, 48, 49, 50, 50, 49, 51, 52, 53, 54, 54, 53, 55], "colors": [], "vertices": [1.0, -0.026845, -2.0, -1.0, -0.026845, -2.0, 1.0, -0.026845, 2.0, -1.0, -0.026845, 2.000001, 1.0, 1.973155, 1.999999, 0.999999, 1.973155, -2.000001, 1.0, -0.026845, 2.0, 1.0, -0.026845, -2.0, 0.999999, 1.973155, -2.000001, -1.0, 1.973155, -1.999999, 1.0, -0.026845, -2.0, -1.0, -0.026845, -2.0, -1.0, 1.973155, -1.999999, -1.0, 1.973155, 2.0, -1.0, -0.026845, -2.0, -1.0, -0.026845, 2.000001, 1.0, -0.026845, 2.0, -1.0, -0.026845, 2.000001, 1.0, 1.973155, 1.999999, -1.0, 1.973155, 2.0, -1.0, 1.973155, 2.0, -0.81, 1.973155, 1.8, 1.0, 1.973155, 1.999999, 0.81, 1.973155, 1.799999, -1.0, 1.973155, -1.999999, -0.81, 1.973155, -1.799999, -1.0, 1.973155, 2.0, -0.81, 1.973155, 1.8, 0.999999, 1.973155, -2.000001, 0.809999, 1.973155, -1.800001, -1.0, 1.973155, -1.999999, -0.81, 1.973155, -1.799999, 1.0, 1.973155, 1.999999, 0.81, 1.973155, 1.799999, 0.999999, 1.973155, -2.000001, 0.809999, 1.973155, -1.800001, 0.81, 1.973155, 1.799999, 0.81, 0.182449, 1.799999, 0.809999, 1.973155, -1.800001, 0.809999, 0.182449, -1.800001, 0.809999, 1.973155, -1.800001, 0.809999, 0.182449, -1.800001, -0.81, 1.973155, -1.799999, -0.81, 0.182449, -1.799999, -0.81, 1.973155, -1.799999, -0.81, 0.182449, -1.799999, -0.81, 1.973155, 1.8, -0.81, 0.182449, 1.8, -0.81, 1.973155, 1.8, -0.81, 0.182449, 1.8, 0.81, 1.973155, 1.799999, 0.81, 0.182449, 1.799999, -0.81, 0.182449, 1.8, -0.81, 0.182449, -1.799999, 0.81, 0.182449, 1.799999, 0.809999, 0.182449, -1.800001], "textureCoords": [[-1.259571, 1.144768, -1.259571, 0.263179, 0.503607, 1.144768, 0.503608, 0.263179, 0.503607, 0.263179, -1.259571, 0.263179, 0.503608, -0.618411, -1.25957, -0.61841, 0.503607, 2.026357, -0.377981, 2.026357, 0.503608, 1.144768, -0.377981, 1.144768, -1.259571, -1.5, 0.503607, -1.5, -1.25957, -0.618411, 0.503608, -0.618411, 2.099284, 1.144768, 1.217696, 1.144768, 2.099284, 0.263179, 1.217695, 0.263179, 1.217695, 1.96568, 1.303457, 1.860908, 2.099284, 1.96568, 2.001956, 1.858855, -0.377981, 2.263179, -0.27757, 2.044271, 1.385196, 2.263179, 1.173221, 2.026357, 1.385197, -0.710667, 1.299434, -0.605894, 0.503608, -0.710666, 0.600936, -0.603841, 1.385197, 2.263179, 1.284783, 2.482086, -0.377981, 2.263179, -0.166006, 2.5, 2.090467, -0.526155, 2.090467, 0.263178, 0.503608, -0.526155, 0.503608, 0.263179, 2.007028, 1.858855, 1.217695, 1.858855, 2.007028, 1.144768, 1.217695, 1.144768, 0.503608, -0.710667, 0.503608, -1.5, 2.090467, -0.710667, 2.090467, -1.5, -1.25957, 1.934101, -1.259571, 1.144768, -0.545483, 1.934101, -0.545483, 1.144768, 1.217695, 0.263179, 1.217695, 1.850038, 0.503608, 0.263179, 0.503608, 1.850039]], "normals": [0.0, -1.0, 0.0, 0.0, -1.0, 0.0, 0.0, -1.0, 0.0, 0.0, -1.0, 0.0, 1.0, 0.0, -0.0, 1.0, 0.0, -0.0, 1.0, 0.0, -0.0, 1.0, 0.0, -0.0, -1e-06, -0.0, -1.0, -1e-06, -0.0, -1.0, -1e-06, -0.0, -1.0, -1e-06, -0.0, -1.0, -1.0, -0.0, 0.0, -1.0, -0.0, 0.0, -1.0, -0.0, 0.0, -1.0, -0.0, 0.0, 1e-06, 0.0, 1.0, 1e-06, 0.0, 1.0, 1e-06, 0.0, 1.0, 1e-06, 0.0, 1.0, 0.0, 1.0, -0.0, 0.0, 1.0, -0.0, 0.0, 1.0, -0.0, 0.0, 1.0, -0.0, 0.0, 1.0, 0.0, 0.0, 1.0, 0.0, 0.0, 1.0, 0.0, 0.0, 1.0, 0.0, 0.0, 1.0, 0.0, 0.0, 1.0, 0.0, 0.0, 1.0, 0.0, 0.0, 1.0, 0.0, -0.0, 1.0, 0.0, -0.0, 1.0, 0.0, -0.0, 1.0, 0.0, -0.0, 1.0, 0.0, -1.0, 0.0, 0.0, -1.0, 0.0, 0.0, -1.0, 0.0, 0.0, -1.0, 0.0, 0.0, 1e-06, 0.0, 1.0, 1e-06, 0.0, 1.0, 1e-06, 0.0, 1.0, 1e-06, 0.0, 1.0, 1.0, 0.0, -0.0, 1.0, 0.0, -0.0, 1.0, 0.0, -0.0, 1.0, 0.0, -0.0, -1e-06, 0.0, -1.0, -1e-06, 0.0, -1.0, -1e-06, 0.0, -1.0, -1e-06, 0.0, -1.0, 0.0, 1.0, -0.0, 0.0, 1.0, -0.0, 0.0, 1.0, -0.0, 0.0, 1.0, -0.0]}}