{"Cube": {"indices": [0, 1, 2, 2, 1, 3, 4, 5, 6, 6, 5, 7, 8, 9, 10, 10, 9, 11, 12, 13, 14, 14, 13, 15, 16, 17, 18, 18, 17, 19, 20, 21, 22, 22, 21, 23, 24, 25, 26, 26, 25, 27, 28, 29, 30, 30, 29, 31, 32, 33, 34, 34, 33, 35, 36, 37, 38, 38, 37, 39, 40, 41, 42, 42, 41, 43, 44, 45, 46, 46, 45, 47, 48, 49, 50, 50, 49, 51, 52, 53, 54, 54, 53, 55, 56, 57, 58, 58, 57, 59, 60, 61, 62, 62, 61, 63, 64, 65, 66, 66, 65, 67, 68, 69, 70, 70, 69, 71, 72, 73, 74, 74, 73, 75, 76, 77, 78, 78, 77, 79, 80, 81, 82, 82, 81, 83, 84, 85, 86, 86, 85, 87], "colors": [], "vertices": [-10.544658, -2.874344, 14.059553, -10.544662, -2.874344, -14.059544, 10.544659, -2.874344, 14.059547, 10.544659, -2.874344, -14.059545, 10.544652, 6.124344, -14.059553, -10.544664, 6.124344, -14.059542, 10.544664, 6.124344, 14.059542, -10.544661, 6.124344, 14.05955, 10.544659, -2.874344, 14.059547, 10.544659, -2.874344, -14.059545, 10.544661, 0.060549, 14.059546, 10.544656, 0.060549, -14.059547, -10.544662, 0.060549, -14.059542, 10.544656, 0.060549, -14.059547, -10.544662, -2.874344, -14.059544, 10.544659, -2.874344, -14.059545, -10.544658, 0.060549, 14.059551, -10.544662, 0.060549, -14.059542, -10.544658, -2.874344, 14.059553, -10.544662, -2.874344, -14.059544, 10.544661, 0.060549, 14.059546, -10.544658, 0.060549, 14.059551, 10.544659, -2.874344, 14.059547, -10.544658, -2.874344, 14.059553, 10.544652, 6.124344, -14.059553, 10.544664, 6.124344, 14.059542, 10.544655, 0.544213, -14.059548, 10.544661, 0.544213, 14.059546, -10.544664, 6.124344, -14.059542, 10.544652, 6.124344, -14.059553, -10.544662, 0.544213, -14.059542, 10.544655, 0.544213, -14.059548, -10.544661, 6.124344, 14.05955, -10.544664, 6.124344, -14.059542, -10.544658, 0.544213, 14.059551, -10.544662, 0.544213, -14.059542, 10.544664, 6.124344, 14.059542, -10.544661, 6.124344, 14.05955, 10.544661, 0.544213, 14.059546, -10.544658, 0.544213, 14.059551, 10.544655, 0.544213, -14.059548, 10.544661, 0.544213, 14.059546, 10.42662, 0.402331, -13.902166, 10.426625, 0.402331, 13.902164, -10.544662, 0.544213, -14.059542, 10.544655, 0.544213, -14.059548, -10.426627, 0.402331, -13.90216, 10.42662, 0.402331, -13.902166, -10.544658, 0.544213, 14.059551, -10.544662, 0.544213, -14.059542, -10.426621, 0.402331, 13.90217, -10.426627, 0.402331, -13.90216, 10.544661, 0.544213, 14.059546, -10.544658, 0.544213, 14.059551, 10.426625, 0.402331, 13.902164, -10.426621, 0.402331, 13.90217, 10.532213, 0.266934, -14.042958, 10.532221, 0.266934, 14.042957, 10.544656, 0.060549, -14.059547, 10.544661, 0.060549, 14.059546, 10.42662, 0.402331, -13.902166, 10.426625, 0.402331, 13.902164, 10.532213, 0.266934, -14.042958, 10.532221, 0.266934, 14.042957, -10.532221, 0.266934, -14.042952, 10.532213, 0.266934, -14.042958, -10.544662, 0.060549, -14.059542, 10.544656, 0.060549, -14.059547, -10.426627, 0.402331, -13.90216, 10.42662, 0.402331, -13.902166, -10.532221, 0.266934, -14.042952, 10.532213, 0.266934, -14.042958, -10.532215, 0.266934, 14.042962, -10.532221, 0.266934, -14.042952, -10.544658, 0.060549, 14.059551, -10.544662, 0.060549, -14.059542, -10.426621, 0.402331, 13.90217, -10.426627, 0.402331, -13.90216, -10.532215, 0.266934, 14.042962, -10.532221, 0.266934, -14.042952, 10.532221, 0.266934, 14.042957, -10.532215, 0.266934, 14.042962, 10.544661, 0.060549, 14.059546, -10.544658, 0.060549, 14.059551, 10.426625, 0.402331, 13.902164, -10.426621, 0.402331, 13.90217, 10.532221, 0.266934, 14.042957, -10.532215, 0.266934, 14.042962], "textureCoords": [[0.437324, 0.001336, 0.435543, 0.58206, 0.001782, 0.0, 0.0, 0.580723, 0.437324, 0.001336, 0.872867, 0.0, 0.439106, 0.582059, 0.874648, 0.580723, 0.504107, 0.779518, 0.504072, 0.767865, 0.503921, 0.718918, 0.503886, 0.707265, 0.521036, 0.007841, 0.5197, 0.990258, 0.581627, 0.008027, 0.580291, 0.990444, 0.506523, 0.642659, 0.506559, 0.654313, 0.506337, 0.582059, 0.506373, 0.593713, 0.991671, 0.547089, 0.986062, 0.982632, 0.013083, 0.546903, 0.007473, 0.982446, 0.503502, 0.582059, 0.503537, 0.593712, 0.503855, 0.697279, 0.503891, 0.708931, 0.01881, 0.455427, 0.022344, 0.883157, 0.988985, 0.455781, 0.992775, 0.887417, 0.506907, 0.767865, 0.506943, 0.779519, 0.506554, 0.652646, 0.506589, 0.6643, 0.991186, 0.000353, 0.98985, 0.435896, 0.016609, -0.003906, 0.01918, 0.435543, 0.503855, 0.697279, 0.503891, 0.708931, 0.506302, 0.700266, 0.506337, 0.711788, 0.988985, 0.443355, 0.989613, 0.007812, 0.022194, 0.440927, 0.026384, 0.01026, 0.506554, 0.652646, 0.506589, 0.6643, 0.508983, 0.649774, 0.509018, 0.661297, 0.995765, 0.435896, 0.994428, 0.871439, 0.992507, 0.438324, 0.991186, 0.868991, 0.50413, 0.70301, 0.504165, 0.714649, 0.503886, 0.707265, 0.503921, 0.718918, 0.506302, 0.700266, 0.506337, 0.711788, 0.50413, 0.70301, 0.504165, 0.714649, 0.434752, 0.008085, 0.437324, 0.989988, 0.521036, 0.007841, 0.5197, 0.990258, 0.998679, 0.003039, 1.0, 0.433706, 0.995765, 0.000867, 0.997099, 0.435896, 0.506793, 0.646927, 0.506829, 0.658567, 0.506523, 0.642659, 0.506559, 0.654313, 0.508983, 0.649774, 0.509018, 0.661297, 0.506793, 0.646927, 0.506829, 0.658567, 0.874648, 0.582515, 0.873314, 1.017544, 0.870379, 0.582245, 0.869043, 1.017788, 0.997086, 0.868753, 0.995765, 0.438086, 1.0, 0.870925, 0.998666, 0.435896]], "normals": [0.0, 1.0, -0.0, 0.0, 1.0, -0.0, 0.0, 1.0, -0.0, 0.0, 1.0, -0.0, 0.0, -1.0, 0.0, 0.0, -1.0, 0.0, 0.0, -1.0, 0.0, 0.0, -1.0, 0.0, -1.0, -0.0, 0.0, -1.0, -0.0, 0.0, -1.0, -0.0, 0.0, -1.0, -0.0, 0.0, 0.0, 0.0, 1.0, 0.0, 0.0, 1.0, 0.0, 0.0, 1.0, 0.0, 0.0, 1.0, 1.0, 0.0, -0.0, 1.0, 0.0, -0.0, 1.0, 0.0, -0.0, 1.0, 0.0, -0.0, -0.0, -1e-06, -1.0, -0.0, -1e-06, -1.0, -0.0, -1e-06, -1.0, -0.0, -1e-06, -1.0, -1.0, 0.0, 0.0, -1.0, 0.0, 0.0, -1.0, 0.0, 0.0, -1.0, 0.0, 0.0, 0.0, 0.0, 1.0, 0.0, 0.0, 1.0, 0.0, 0.0, 1.0, 0.0, 0.0, 1.0, 1.0, 0.0, -0.0, 1.0, 0.0, -0.0, 1.0, 0.0, -0.0, 1.0, 0.0, -0.0, -0.0, -0.0, -1.0, -0.0, -0.0, -1.0, -0.0, -0.0, -1.0, -0.0, -0.0, -1.0, -0.768754, 0.639545, 0.0, -0.768754, 0.639545, 0.0, -0.768754, 0.639545, 0.0, -0.768754, 0.639545, 0.0, 0.0, 0.742734, 0.669586, 0.0, 0.742734, 0.669586, 0.0, 0.742734, 0.669586, 0.0, 0.742734, 0.669586, 0.768753, 0.639546, -0.0, 0.768753, 0.639546, -0.0, 0.768753, 0.639546, -0.0, 0.768753, 0.639546, -0.0, -0.0, 0.742732, -0.669589, -0.0, 0.742732, -0.669589, -0.0, 0.742732, -0.669589, -0.0, 0.742732, -0.669589, -0.998188, -0.060172, 0.0, -0.998188, -0.060172, 0.0, -0.998188, -0.060172, 0.0, -0.998188, -0.060172, 0.0, -0.788544, -0.614979, 0.0, -0.788544, -0.614979, 0.0, -0.788544, -0.614979, 0.0, -0.788544, -0.614979, 0.0, 0.0, -0.080124, 0.996785, 0.0, -0.080124, 0.996785, 0.0, -0.080124, 0.996785, 0.0, -0.080124, 0.996785, 0.0, -0.720783, 0.693161, 0.0, -0.720783, 0.693161, 0.0, -0.720783, 0.693161, 0.0, -0.720783, 0.693161, 0.998188, -0.060177, -0.0, 0.998188, -0.060177, -0.0, 0.998188, -0.060177, -0.0, 0.998188, -0.060177, -0.0, 0.788546, -0.614975, -0.0, 0.788546, -0.614975, -0.0, 0.788546, -0.614975, -0.0, 0.788546, -0.614975, -0.0, -0.0, -0.080119, -0.996785, -0.0, -0.080119, -0.996785, -0.0, -0.080119, -0.996785, -0.0, -0.080119, -0.996785, -0.0, -0.720784, -0.69316, -0.0, -0.720784, -0.69316, -0.0, -0.720784, -0.69316, -0.0, -0.720784, -0.69316]}}