{"Cube": {"indices": [0, 1, 2, 2, 1, 3, 4, 5, 6, 6, 5, 7, 8, 9, 10, 10, 9, 11, 12, 13, 14, 14, 13, 15, 16, 17, 18, 18, 17, 19, 20, 21, 22, 22, 21, 23], "colors": [], "vertices": [-4.326037, -0.125382, 4.32604, -4.326039, -0.125382, -4.326037, 4.326038, -0.125382, 4.326038, 4.326038, -0.125382, -4.326037, 4.326035, 8.526695, -4.32604, -4.32604, 8.526695, -4.326036, 4.32604, 8.526695, 4.326036, -4.326038, 8.526695, 4.326039, 4.326038, -0.125382, -4.326037, 4.326035, 8.526695, -4.32604, 4.326038, -0.125382, 4.326038, 4.32604, 8.526695, 4.326036, -4.326039, -0.125382, -4.326037, -4.32604, 8.526695, -4.326036, 4.326038, -0.125382, -4.326037, 4.326035, 8.526695, -4.32604, -4.326037, -0.125382, 4.32604, -4.326038, 8.526695, 4.326039, -4.326039, -0.125382, -4.326037, -4.32604, 8.526695, -4.326036, 4.326038, -0.125382, 4.326038, 4.32604, 8.526695, 4.326036, -4.326037, -0.125382, 4.32604, -4.326038, 8.526695, 4.326039], "textureCoords": [[4.589142, 4.589142, 4.589142, 12.767423, -3.589138, 4.589142, -3.589139, 12.767423, -11.767419, -3.589139, -11.767423, -11.767418, -3.589139, -3.589141, -3.589145, -11.767423, 4.589142, 4.589142, -3.589139, 4.589142, 4.589145, -3.589139, -3.589138, -3.589138, 4.589142, -3.589139, -3.589139, -3.589141, 4.589142, -11.767423, -3.589139, -11.767421, 12.767423, 4.589142, 12.767423, 12.767422, 4.589142, 4.589142, 4.589145, 12.767422, -3.589142, -3.554122, -3.589139, 4.624158, -11.767423, -3.55412, -11.767421, 4.624161]], "normals": [0.0, 1.0, -0.0, 0.0, 1.0, -0.0, 0.0, 1.0, -0.0, 0.0, 1.0, -0.0, 0.0, -1.0, 0.0, 0.0, -1.0, 0.0, 0.0, -1.0, 0.0, 0.0, -1.0, 0.0, -1.0, -0.0, 0.0, -1.0, -0.0, 0.0, -1.0, -0.0, 0.0, -1.0, -0.0, 0.0, 0.0, 0.0, 1.0, 0.0, 0.0, 1.0, 0.0, 0.0, 1.0, 0.0, 0.0, 1.0, 1.0, 0.0, -0.0, 1.0, 0.0, -0.0, 1.0, 0.0, -0.0, 1.0, 0.0, -0.0, -0.0, -0.0, -1.0, -0.0, -0.0, -1.0, -0.0, -0.0, -1.0, -0.0, -0.0, -1.0]}}